Name,Team,Position,Country,Rookie,Year,Month,Day,Weight,Height,CK,FG,DI,SK,ST,EN,DU,PH,FO,PA,SC,DF,PS
GOD McZehrl,BUF,8,GER,n,1940,6,24,203,74,61,25,65,90,84,88,50,90,40,83,91,99,40
Alexis Metzler,BUF,8,USA,N,1931,5,28,203,73,78,25,62,90,90,90,50,99,40,99,90,99,40
Charles Walker,BUF,8,USA,N,1933,6,8,220,76,70,25,62,90,85,85,50,99,40,90,99,99,40
Conor McGregor,BUF,1,IRL,n,1940,7,14,195,74,40,25,62,81,71,72,50,86,79,80,87,92,40
Dermot Lavelle,BUF,1,IRL,n,1938,8,26,180,72,51,40,62,93,87,86,50,93,87,90,99,90,55
Fredrich Koenig,BUF,8,GER,N,1939,3,1,215,74,40,25,62,85,71,70,50,94,40,90,70,99,40
Jordin FourFour Jr.,BUF,16,USA,N,1935,4,14,240,82,85,50,90,90,90,98,95,99,97,50,50,80,50
Kyle Davis,BUF,16,USA,N,1939,2,21,185,73,55,50,60,65,64,71,75,78,80,50,50,80,50
Kevin Hamilton,BUF,2,USA,N,1938,9,8,205,73,74,33,70,96,67,83,50,87,58,99,86,91,61
Konstantin Kostoyevskiy,BUF,4,RUS,N,1939,1,2,181,71,46,25,62,70,52,60,50,70,40,70,74,55,40
Fjorm Lyeskov,BUF,8,HUN,N,1939,10,20,205,78,40,25,62,70,60,45,50,70,40,40,70,50,40
Luke Atmey,BUF,2,CAN,N,1932,3,26,220,73,70,25,62,99,90,90,50,99,40,90,99,90,40
Nico Gross,BUF,4,SWI,N,1938,7,17,198,72,90,25,62,85,80,80,50,85,40,90,60,89,46
Quick Mafs,BUF,8,IRL,N,1938,4,14,210,72,43,25,62,76,62,64,50,87,40,75,72,99,40
Tatu Mäkelä,BUF,8,FIN,N,1938,1,1,180,71,89,25,62,90,63,85,50,99,40,99,90,99,40
TJ Bayley,BUF,2,UK,n,1938,1,18,190,72,50,28,62,90,80,81,50,90,43,90,99,90,43
Viktor Marius,BUF,2,LAT,n,1939,1,1,188,74,40,25,62,95,70,85,50,90,40,90,99,99,40
Viktor Vorkämpfer,BUF,1,GER,n,1933,4,20,215,72,60,25,62,89,87,80,50,90,40,92,79,88,40
Oliver König,BUF,1,GER,N,1936,6,7,190,72,50,25,62,90,99,87,50,90,90,99,90,99,40
Adam Kaiser,CAL,8,USA,N,1931,5,4,205,75,40,25,62,90,73,84,50,90,40,85,92,99,40
Alex Mack,CAL,1,USA,N,1922,4,4,210,75,40,25,62,80,70,70,50,80,74,85,70,85,40
Casey Creller,CAL,8,IRL,N,1936,1,1,199,73,82,25,72,85,80,81,50,81,40,80,90,99,40
Chuck Goody Jr.,CAL,8,USA,N,1935,5,5,200,76,44,25,62,80,70,75,50,80,40,80,42,96,40
Esa Anrikkanen,CAL,2,FIN,N,1918,1,2,255,75,40,25,62,85,60,80,50,82,40,82,96,90,40
Fedor Shirobokov,CAL,8,GER,N,1935,4,7,210,74,40,25,62,95,83,82,50,90,40,90,53,99,40
Gustav Helzberg,CAL,2,SWE,n,1939,8,22,188,73,43,25,62,71,60,68,50,76,40,60,76,70,40
Hunter Jones,CAL,4,FIN,n,1938,10,15,200,74,40,25,62,90,78,83,50,90,40,99,88,90,40
Kjetil Veblen,CAL,4,NOR,N,1940,10,20,195,73,41,25,62,70,50,50,50,70,42,62,71,70,40
Wolf Von Hammersmark,CAL,2,AUS,N,1935,1,1,195,77,40,25,62,85,70,73,50,85,40,80,91,86,40
Kata Vilde,CAL,16,SWE,n,1941,11,4,215,75,90,50,86,90,90,97,95,99,99,50,50,80,50
Mike Izzy,CAL,1,AUS,N,1935,5,5,228,72,90,25,80,99,85,90,50,90,90,90,99,99,40
Mikko Linna,CAL,4,FIN,N,1928,1,1,182,73,40,25,62,95,70,85,50,90,40,95,85,95,40
Ostap Maksimov,CAL,8,RUS,n,1939,1,1,225,74,46,31,62,88,70,83,50,85,46,85,96,99,46
Otis B. Driftwood,CAL,8,USA,n,1940,6,4,325,80,80,25,70,90,80,80,50,93,40,96,64,99,40
Brennan Kennedy,CAL,4,AUS,N,1931,11,16,210,73,40,25,62,80,60,65,50,75,40,88,78,85,40
Richard C. Hocolate,CAL,16,USA,N,1931,2,15,190,73,85,50,75,85,85,92,92,94,92,50,50,80,50
Shooter McGavin,CAL,2,USA,n,1940,2,15,190,74,42,25,62,91,73,80,50,91,40,84,94,90,43
Your Overlord,CAL,8,CAN,n,1938,9,19,260,81,40,25,62,70,40,70,50,70,40,51,70,70,40
Brock Nuck,CAL,4,LAT,y,1944,1,1,260,80,44,26,62,84,80,68,50,70,40,79,64,85,40
Nicky Pedersen Jr.,CAL,2,USA,y,1943,1,5,230,76,54,25,62,84,60,75,50,80,40,81,90,85,40
Randy Randlestrom,CAL,4,UK,N,1924,8,23,204,74,40,25,62,80,40,40,50,70,40,70,90,80,40
Paddy O'Sullivan,CAL,2,IRL,n,1939,5,14,220,73,48,25,62,80,80,81,50,81,82,75,82,82,40
Barbie Tanner,EDM,2,IRL,N,1937,1,1,130,62,40,25,62,70,60,66,50,70,40,66,80,62,40
Brady McIntyre,EDM,8,USA,n,1939,4,5,220,76,48,25,62,90,90,88,50,99,40,99,90,99,44
Chippy Chiclets,EDM,8,USA,N,1936,1,1,210,70,45,25,70,85,78,81,50,92,40,88,99,93,40
Connor Tanner,EDM,8,IRL,N,1937,3,17,225,75,70,25,62,90,82,83,50,99,40,90,99,99,72
Cory Knouse,EDM,2,NOR,N,1932,4,21,150,70,50,25,62,99,90,82,50,90,40,99,88,99,40
DeMaricus Smyth,EDM,2,CZE,n,1939,4,1,197,74,56,30,70,90,84,87,50,90,87,83,99,90,63
Ensio Kalju,EDM,8,FIN,n,1940,1,16,220,75,70,30,62,93,58,86,50,90,40,80,91,95,42
Jack Hansen,EDM,8,NOR,N,1935,11,30,195,73,62,25,62,78,73,83,50,80,40,78,41,86,40
Hercules Rockefeller,EDM,2,CAN,N,1937,9,24,195,71,60,25,62,90,99,90,50,99,40,90,99,90,40
Nikolaus Scholz,EDM,1,GER,N,1925,7,19,218,76,40,25,62,85,89,77,50,90,40,90,80,90,40
Oisin Fletcher,EDM,2,CAN,N,1936,9,30,210,73,60,25,62,90,90,90,50,99,90,90,99,99,85
Joe Kurczewski,EDM,2,USA,N,1931,7,4,240,73,74,25,66,99,85,90,50,90,90,89,99,99,40
Piotr Czerkawski,EDM,4,POL,n,1941,4,22,220,74,44,25,62,90,81,80,50,91,49,95,90,90,40
Teddy Cuddles,EDM,4,USA,N,1936,1,1,220,77,79,28,70,99,90,81,50,90,43,90,99,99,43
Teodors Cukurs,EDM,1,LAT,N,1932,3,9,230,75,40,25,62,90,90,80,50,90,90,95,85,90,40
Tommy Tuck,EDM,16,NOR,N,1939,1,1,350,79,91,50,80,95,95,95,99,99,99,50,50,80,50
Tor Tuck,EDM,8,NOR,n,1937,7,4,210,70,83,30,62,99,90,81,50,90,40,99,90,99,40
Tony Pepperoni,EDM,2,CAN,y,1943,1,1,187,71,43,25,62,81,71,76,50,87,71,80,87,90,40
Logan Crosby,EDM,2,USA,n,1940,1,1,190,72,40,25,62,65,58,50,50,65,40,60,65,60,40
Mark Stewart,EDM,16,GBR,N,1938,1,1,190,74,65,50,68,56,67,70,64,64,71,64,63,80,50
Viktor Valentine,EDM,8,IRL,n,1940,11,12,213,74,60,25,62,70,70,58,50,78,40,80,40,80,40
Angelo Odjick,HAM,2,CAN,N,1935,4,17,220,73,42,25,62,90,90,80,50,99,40,99,99,90,40
Baron O'Beefdip,HAM,2,USA,n,1939,12,24,236,80,54,30,62,61,60,61,50,71,51,61,70,69,51
Ben Dover,HAM,8,CAN,N,1930,3,17,300,90,42,25,62,99,81,81,50,90,43,90,99,99,40
Chuck Bernstein,HAM,2,UK,N,1936,9,14,210,74,47,25,62,66,61,68,50,58,40,58,71,65,40
Dick Skillstedt,HAM,4,SWE,N,1938,1,1,235,75,62,48,62,90,77,90,50,95,55,93,99,90,57
Dwayne Wyder,HAM,8,MEX,N,1936,1,1,260,77,78,36,62,68,80,71,50,80,46,76,81,85,46
Eriks Skalbergs,HAM,4,LAT,n,1942,11,8,211,75,40,25,62,80,62,70,50,80,43,80,88,88,43
Andrew Martin,HAM,4,GER,y,1943,1,1,185,71,40,25,65,79,71,72,50,86,75,77,80,90,44
Geezus Kryyst,HAM,16,USA,N,1942,12,25,210,74,82,50,56,90,90,91,99,99,95,50,60,80,50
John Langabeer,HAM,2,USA,N,1933,10,22,195,74,41,25,62,95,76,80,50,92,40,90,86,90,40
Jakub Trocheck,HAM,8,CZE,N,1934,1,1,212,74,40,25,62,89,69,73,50,83,40,75,85,90,40
Jimmy Wagner,HAM,16,USA,N,1934,1,1,225,76,50,50,50,77,76,91,91,92,90,50,50,80,50
Dank Boija,HAM,4,FIN,y,1943,1,1,220,69,60,25,62,77,77,75,50,80,61,81,70,85,40
Nour Harrak,HAM,8,CAN,N,1936,4,8,180,72,40,25,62,90,75,82,50,97,40,89,97,93,60
Alexander Zajac,HAM,1,USA,N,1936,7,13,210,71,47,25,70,90,84,80,50,95,90,90,80,90,50
Robert Phelps,HAM,1,CAN,N,1935,4,17,210,75,70,25,80,90,99,90,50,90,90,99,90,99,90
Tig Murphy,HAM,8,IRL,y,1943,1,1,212,74,46,25,62,87,62,74,50,81,40,91,81,90,40
Sami Owens,HAM,8,CAN,N,1936,1,1,190,73,49,25,62,90,90,80,50,99,40,88,99,99,40
Vijanupatan Singh,HAM,4,RUS,N,1936,1,1,210,73,41,25,62,94,80,80,50,95,90,90,99,90,40
Vladimir Vaskov,HAM,4,RUS,y,1942,4,20,198,74,55,31,62,67,63,70,50,69,46,68,80,70,47
Cameron Carter II,MAN,2,USA,n,1942,1,1,200,74,72,28,62,91,51,56,50,84,50,80,91,82,45
Isaac Cormier-Hale,MAN,8,LAT,N,1933,1,1,220,76,40,30,70,90,90,87,50,86,40,90,80,99,40
Cedric Moreau,MAN,16,USA,n,1939,10,4,212,73,80,50,77,83,85,91,94,94,94,52,50,80,50
Sulak O'Hritea,MAN,4,SWI,n,1943,1,1,210,75,80,34,62,80,80,72,50,80,50,74,70,90,46
Eri Arai,MAN,8,AUS,n,1940,1,2,178,69,55,25,62,75,41,60,50,62,40,69,70,70,40
James Dekens,MAN,4,USA,n,1940,1,1,205,72,40,25,62,90,77,65,50,80,40,78,96,80,40
Alex Winters,MAN,4,CZE,y,1943,1,1,225,76,43,31,62,81,73,70,50,80,46,94,76,90,46
Craig Finley,MAN,8,USA,y,1943,1,1,210,73,42,25,62,77,63,60,50,85,40,71,83,89,43
Niklaus St. Croix,MAN,8,AUS,N,1935,1,1,195,72,75,25,65,82,80,55,50,65,40,70,41,90,42
Reginald MacIntyre,MAN,8,UK,n,1941,1,21,250,77,70,25,63,90,85,80,50,90,40,86,70,90,40
Reginald Rove,MAN,2,UK,n,1940,1,1,200,75,40,25,62,85,85,70,50,90,40,95,84,90,40
Tokek Takshak,MAN,8,IDN,n,1942,11,25,175,73,40,25,62,82,71,70,50,85,40,78,88,90,40
Jax Aittokallio,MAN,1,FIN,n,1943,1,1,208,73,40,25,62,85,85,70,50,80,80,75,90,80,40
Ryan Mason,MAN,4,USA,n,1943,1,1,235,74,65,52,62,69,61,50,50,42,40,62,70,70,40
Clint Eastwood,MAN,8,USA,N,1936,7,4,237,76,75,50,71,89,87,81,50,90,55,90,69,99,55
Sachimo Zoidberg Jr.,MAN,8,CAN,y,1942,12,3,195,74,42,25,62,80,70,76,50,70,40,65,75,66,40
Scottey Crawfling,MAN,16,FIN,y,1942,1,1,250,80,85,50,83,85,80,85,90,90,90,50,50,80,50
Yannick Berger,MAN,1,AUS,n,1939,4,27,220,74,40,25,62,80,80,72,50,85,85,90,85,85,40
Kristof Kovacs,MAN,1,CZE,y,1943,1,14,185,68,40,25,62,70,60,65,50,72,60,70,80,78,40
David Kastrba,MAN,2,CZE,y,1942,12,4,173,70,75,25,62,82,76,66,50,80,40,80,69,87,40
Alonzo Garbanzo,MIN,8,SWE,N,1921,1,3,185,73,40,25,62,86,74,80,50,86,40,90,80,93,40
Bobby Watson,MIN,4,IRL,N,1938,1,1,220,74,63,25,75,99,90,90,50,99,40,84,99,90,63
Kire Yelkrab,MIN,4,USA,n,1940,1,1,200,69,40,25,62,82,76,70,50,82,40,82,72,85,40
Caelan Fearghal,MIN,8,IRL,N,1933,7,17,205,73,40,25,62,82,79,75,50,85,40,87,40,90,40
Cara Hohenberg,MIN,8,AUS,N,1930,1,4,180,71,40,25,62,70,57,70,50,80,40,75,40,86,40
Charlotta Caspari,MIN,16,SWI,n,1932,11,15,170,70,61,50,70,63,65,67,67,67,66,58,50,80,50
Derrick Glover,MIN,1,CAN,N,1932,1,1,190,72,40,25,62,76,66,70,50,80,75,94,70,90,40
Eric Pelletier,MIN,1,CAN,N,1936,9,20,197,73,50,46,62,84,85,86,50,90,90,96,74,92,43
Poopity Scoop,MIN,8,N/A,y,1944,1,1,300,79,71,31,62,80,60,80,50,80,40,81,60,89,46
Hunky Monkey,MIN,8,CZE,N,1928,1,1,265,80,40,25,62,80,69,66,50,78,40,75,40,90,40
Xavier Paquette,MIN,4,CAN,n,1941,3,3,223,75,40,25,62,85,70,78,50,83,40,80,90,90,40
Rurik Razin,MIN,4,RUS,N,1933,1,1,220,75,41,25,62,75,80,79,50,80,40,80,63,80,40
Muhammad McLovin,MIN,2,USA,n,1941,1,12,225,73,74,25,62,80,73,70,50,82,40,80,69,87,41
Noro Wozy,MIN,2,SWE,N,1934,1,1,200,71,40,25,62,90,80,90,50,99,40,90,99,90,40
Sam McGrizzley,MIN,1,CAN,N,1937,1,1,215,75,41,25,62,61,61,62,50,62,61,62,69,66,40
Sebastien Primeau,MIN,16,CAN,n,1939,6,23,200,72,80,50,85,80,81,99,99,95,99,60,60,80,50
Sinn Nolan,MIN,2,IRL,N,1936,6,26,225,76,66,47,62,67,60,51,50,42,40,65,61,60,40
Sterling Slaughter,MIN,2,JAP,N,1935,1,1,230,76,60,25,62,60,67,60,50,45,40,55,64,70,40
Terrance Nova,MIN,4,USA,N,1932,1,7,213,75,67,25,83,90,90,90,50,99,90,99,99,90,51
Geoff Moore,MIN,8,USA,n,1942,1,1,206,75,45,25,62,80,70,80,50,82,40,80,83,91,40
Luisa Koller,MIN,8,CZE,N,1936,8,22,180,72,51,25,62,64,65,73,50,72,40,80,65,77,40
Nathan Cosco,MIN,16,USA,y,1943,1,1,200,83,50,50,60,51,69,60,80,80,90,50,50,80,50
Blabar Bananerstrom,MIN,2,SWE,N,1937,6,9,150,68,41,25,62,84,60,80,50,80,60,60,92,90,40
Alex Andani,NEW,1,LAT,n,1941,1,1,220,76,52,41,62,85,75,76,50,82,80,79,74,87,43
Artemi Berezin,NEW,1,RUS,N,1938,1,1,185,72,40,25,62,85,80,74,50,91,72,90,85,85,67
Maximilian Egger,NEW,8,AUS,y,1943,1,1,205,72,42,29,62,80,71,63,50,80,43,71,62,99,40
Johannes Leitner,NEW,16,AUS,y,1943,12,6,198,76,70,50,79,80,80,90,90,90,90,70,56,80,50
Hugh Manatee,NEW,4,ITA,N,1938,1,1,160,67,40,25,62,65,60,65,50,65,40,55,65,40,40
Herb Robert,NEW,4,CAN,n,1942,1,1,213,74,45,25,62,87,84,83,50,82,49,79,87,85,51
Viatcheslav Orlov,NEW,8,RUS,N,1930,1,22,251,76,50,25,62,82,80,80,50,80,40,75,40,93,40
Xander Green,NEW,1,UK,N,1934,1,1,185,72,40,25,62,92,77,75,50,88,90,95,85,85,44
Kristaps Ball,NEW,8,LAT,n,1941,12,23,200,72,40,25,62,82,60,70,50,83,42,80,90,99,40
Mainio Makinen,NEW,2,FIN,N,1926,5,5,175,71,40,25,62,75,55,57,50,71,40,70,75,79,40
Manuel Gotze,NEW,4,GER,n,1940,9,10,220,75,72,25,65,94,81,77,50,82,53,82,90,90,48
Max Hansen,NEW,2,USA,n,1940,7,23,223,72,63,25,62,65,65,45,50,50,40,50,71,72,40
Mia Landvik,NEW,8,NOR,N,1928,1,1,180,71,82,25,62,93,84,85,50,87,40,75,60,95,40
Patrick Diehl,NEW,16,USA,n,1933,5,14,230,71,64,50,70,74,70,70,70,70,70,70,50,80,50
Brock Becker,NEW,1,CAN,n,1939,12,31,220,74,40,26,71,85,80,77,50,86,70,94,85,80,45
Patrick Brumm Jr.,NEW,8,N/A,n,1939,10,11,245,73,40,25,62,75,70,70,50,75,40,70,80,90,40
Rafe Ulrich,NEW,2,NOR,n,1942,3,26,250,69,73,25,62,90,70,77,50,90,40,73,86,90,40
Buck Maverick,NEW,8,USA,n,1942,1,1,240,76,40,25,62,78,60,64,50,80,40,65,70,99,40
Thaddeus Prince,NEW,16,USA,N,1933,1,31,195,76,80,50,76,80,80,82,84,85,85,50,50,80,50
Thomas Reynolds,NEW,1,CAN,N,1937,2,7,190,74,40,25,62,60,56,55,50,65,60,60,50,65,40
Tigole Bitties,NEW,1,GRE,N,1936,1,1,209,75,85,25,76,90,90,90,50,99,90,90,99,99,82
Ben Holtby,LAP,16,AUS,n,1937,9,16,210,74,55,50,70,73,73,90,85,90,90,60,50,80,50
Mason Brown,LAP,1,UK,n,1942,1,1,225,73,40,25,62,70,64,60,50,60,60,56,70,60,40
Teppo Lehtonen,LAP,2,FIN,N,1937,3,18,195,71,40,25,62,65,60,70,50,42,60,61,70,70,40
Evgueni Marmeladov,LAP,16,RUS,N,1937,6,17,180,77,91,50,95,92,90,96,95,95,95,50,50,80,50
Geoff Higgins,LAP,4,USA,n,1939,1,1,195,72,80,25,62,80,60,75,50,82,40,85,72,85,40
James Johnson,LAP,8,USA,n,1939,3,19,210,73,60,25,70,86,80,80,50,90,40,88,70,95,40
Jean-Luc Reflieux,LAP,8,NOR,N,1930,7,7,193,73,52,25,62,90,81,81,50,90,40,95,81,90,40
Jon Toner,LAP,8,IRL,n,1939,12,26,200,73,60,25,62,90,75,85,50,90,40,95,86,95,40
Joshua Woodcroft,LAP,4,CAN,N,1938,3,17,209,76,50,25,62,90,75,80,50,90,42,81,98,90,42
Jon Tellofsen,LAP,8,NOR,n,1939,4,19,205,75,52,25,62,84,70,71,40,80,40,80,42,90,40
Lightning Jones,LAP,2,USA,n,1941,5,4,220,74,40,25,62,85,82,71,50,80,40,79,85,80,40
Matthew Auston,LAP,1,SWI,N,1934,1,1,250,77,45,25,62,98,85,88,50,96,86,90,99,90,52
Matthew Leetch,LAP,8,FIN,N,1931,1,1,200,74,43,25,62,81,78,78,50,86,40,90,81,88,40
Mattias Enqvist,LAP,1,NOR,n,1941,1,24,205,76,40,25,62,83,80,90,50,70,80,90,80,85,40
Maurice Picard,LAP,8,UK,N,1938,7,13,186,72,80,25,62,80,80,80,50,90,40,90,42,90,40
Maximilian Wachter,LAP,2,AUS,N,1927,2,12,208,74,40,25,62,90,80,80,50,90,40,80,91,80,40
Mikkel Haugen,LAP,1,NOR,n,1940,2,29,220,76,70,25,62,84,70,70,50,85,80,48,85,70,40
Sophia Bennett,LAP,4,CAN,N,1935,1,1,150,68,60,25,65,99,90,90,50,99,90,90,99,90,90
Yuri Boyka Jr.,LAP,1,RUS,N,1936,2,17,230,76,50,31,62,99,90,85,50,99,85,86,99,80,45
Max Mauldin,LAP,2,USA,y,1943,10,16,215,77,80,25,70,80,76,76,50,80,40,70,85,80,40
Gvidas Kazlauskas,LAP,2,LAT,y,1943,7,2,191,70,41,27,62,89,70,70,50,85,42,75,91,80,42
Philipp Winter,LAP,2,GER,y,1943,1,1,197,74,43,28,62,86,71,76,50,86,43,80,91,85,43
Ace Redding,SEA,4,IRL,N,1931,1,1,290,81,48,25,62,90,80,75,50,90,40,85,78,89,40
Cam Ouellette,SEA,4,CAN,N,1935,10,16,220,75,40,25,62,82,77,75,50,83,58,80,87,80,40
Alexei Vasiliev,SEA,16,RUS,N,1936,7,19,216,74,50,50,70,70,70,70,50,70,80,55,60,80,50
Blaine McElroy,SEA,8,IRL,n,1940,1,9,200,71,43,28,62,83,66,75,50,82,43,70,81,87,43
Benjamin Blue,SEA,16,SWE,n,1941,7,4,225,78,81,50,80,90,90,90,90,90,90,50,55,80,50
Brett Jones,SEA,8,USA,N,1938,2,5,205,74,47,25,62,52,66,46,50,42,40,64,40,77,40
Soren Kierkegaard,SEA,1,DNK,y,1942,11,11,200,71,40,25,62,80,40,60,50,72,51,80,71,76,43
Fausto Finazzi,SEA,2,ITL,N,1937,1,14,226,73,40,25,62,60,50,60,50,60,40,70,51,70,40
Boris Denisovich,SEA,4,RUS,y,1942,9,9,165,69,69,25,71,80,47,70,50,80,40,80,83,80,52
Inari Twain,SEA,4,FIN,N,1936,1,1,185,69,40,25,62,82,77,75,50,77,40,85,79,86,40
Ti-Guy Emond,SEA,8,CAN,n,1939,7,12,240,78,87,45,62,80,90,85,50,80,40,80,40,98,40
Johnny Yuma,SEA,16,CZE,N,1937,9,19,220,76,75,50,77,89,89,88,87,87,88,70,51,80,50
Joseph Lombardi,SEA,4,IRL,N,1936,2,24,145,63,40,25,62,90,99,81,50,90,50,90,99,90,51
Kolja Seppanen,SEA,4,FIN,n,1939,8,25,190,72,40,25,65,80,68,70,50,72,80,80,72,80,42
Cash Savage,SEA,2,CAN,N,1941,1,1,220,74,50,34,62,76,70,70,50,75,49,70,90,90,47
Toivo Kosonen,SEA,8,FIN,N,1931,6,4,200,75,60,25,62,90,90,90,50,90,40,96,86,99,40
Xavier Cross,SEA,2,SWE,y,1945,1,1,220,74,40,25,62,60,45,60,50,60,40,60,70,62,60
Scotty Steele,SEA,4,CAN,n,1942,12,6,202,74,40,25,62,76,70,65,50,79,43,80,70,78,40
Samuel McVay,SEA,4,UK,N,1939,1,19,190,72,41,25,62,69,55,62,50,69,40,70,60,64,40
Svatoslav Bodnar,SEA,8,LAT,N,1938,4,24,250,74,78,31,62,75,82,75,50,85,40,80,40,90,40
Jason Forbrook,SEA,4,USA,N,1930,1,1,218,76,40,25,62,77,70,63,50,48,41,71,81,74,40
Flacko Lagerfield,SEA,2,USA,n,1941,1,1,160,70,46,25,65,90,75,75,50,90,68,88,96,90,40
Maui,SEA,8,LAT,n,1942,1,1,250,77,70,25,62,81,75,75,50,80,40,78,60,90,40
Chris Partridge,SFP,16,CAN,n,1939,7,1,192,72,90,50,80,90,90,95,95,95,95,80,70,80,50
Cleo Green,SFP,2,USA,N,1929,10,27,190,74,40,25,62,48,40,40,50,60,40,60,65,65,40
Dakota Reid,SFP,2,UK,N,1936,1,1,185,74,80,74,64,80,88,81,50,80,57,68,90,90,63
Dustin Evans,SFP,16,IRL,N,1938,1,1,220,74,50,50,80,70,64,55,72,80,80,50,60,80,50
Eric Tanner,SFP,2,IRL,N,1938,1,1,235,76,40,25,62,60,40,60,50,65,40,70,44,80,40
Finn Jakobsen,SFP,2,NOR,n,1936,11,19,215,73,60,25,62,70,55,75,50,68,42,75,60,77,42
Finn Larsson,SFP,1,SWE,N,1934,1,29,195,76,40,25,62,72,64,70,50,80,61,80,61,65,40
Gord McKenzie,SFP,1,CAN,N,1935,4,18,195,73,40,25,62,65,45,40,50,65,45,61,66,60,40
Howie Dewitt,SFP,2,IRL,N,1938,7,7,207,73,40,25,62,77,70,61,50,80,40,80,85,85,40
Sean Stevenson Jr.,SFP,8,USA,y,1943,3,29,226,73,55,25,62,80,70,70,50,80,40,74,40,96,40
Jack Tanner,SFP,8,IRL,N,1937,3,17,210,71,43,54,85,90,89,89,50,99,46,85,99,99,85
Ray Bork,SFP,8,UK,n,1944,1,1,192,73,44,25,62,67,62,72,50,83,40,72,64,99,40
Evan Cordes,SFP,2,USA,n,1943,1,1,232,69,40,25,62,40,40,57,50,65,40,54,78,53,49
Khet Chupp,SFP,8,UK,n,1935,3,19,211,77,63,26,62,62,64,66,50,60,40,65,43,80,40
Kyler Gill,SFP,4,CAN,N,1938,5,29,188,71,48,28,62,83,71,71,50,76,47,80,90,80,44
Luke Thomason,SFP,2,CZE,y,1943,1,1,185,72,40,25,62,88,70,75,50,87,40,80,90,90,40
Leshaun King,SFP,1,UK,n,1943,1,1,240,77,40,25,62,85,70,80,50,90,70,70,90,90,40
Goku Muerto,SFP,1,ISL,n,1943,1,29,198,73,45,26,62,88,73,74,50,82,72,81,75,86,46
Trucker Grogan,SFP,8,IRL,N,1935,1,1,235,76,73,66,62,65,66,70,50,61,43,65,40,75,40
Xavier LaFlamme,SFP,2,CAN,n,1937,1,1,180,60,40,25,62,70,42,70,50,80,40,64,87,60,40
Isak Ødegård,SFP,8,NOR,N,1936,1,1,170,71,48,37,76,99,90,90,50,90,52,90,99,99,90
Charlie Schieck,SFP,8,CAN,y,1942,4,20,190,75,45,25,62,85,71,75,50,91,40,90,76,99,40
Vince Reaper,SFP,2,USA,y,1943,1,1,236,75,42,25,62,81,70,70,50,75,46,70,90,90,50
Jonathan Lundberg,SFP,1,SWE,N,1925,3,24,196,72,84,25,62,87,75,85,40,85,40,90,75,92,40
Richard Metcalf Jr.,SFP,1,USA,y,1943,7,10,180,69,43,28,62,80,52,80,50,80,46,88,66,90,46
Jeff Brogen,SFP,2,CAN,y,1943,1,1,215,73,41,25,62,80,60,70,50,81,40,77,94,90,40
Eero Makinen,SFP,1,FIN,n,1943,1,1,200,74,46,25,62,70,60,61,50,71,80,79,70,80,42
Brett Kennedy,TEX,1,USA,N,1934,7,17,222,77,70,25,62,82,88,80,50,82,84,67,85,85,64
I Shattenkirksbed,TEX,8,USA,N,1939,7,20,275,66,60,25,62,69,60,60,50,60,40,60,40,60,40
Colton Hagan,TEX,4,USA,N,1936,8,14,198,72,73,25,62,93,84,79,50,92,40,71,86,90,40
Conklin Owen,TEX,2,IRL,N,1930,1,1,185,73,40,25,62,88,85,74,50,85,83,85,91,90,40
Daniel Karlsson,TEX,8,USA,N,1941,1,1,210,74,58,25,62,94,86,77,50,90,40,90,74,98,40
Harvey Danger,TEX,8,UK,n,1942,1,7,185,73,58,27,62,90,75,72,50,85,40,86,74,90,40
Iam Essellemm,TEX,4,IRL,n,1940,3,17,200,74,45,25,62,90,72,80,50,90,60,80,99,90,40
Jack Durden,TEX,2,UK,N,1925,8,6,217,74,40,25,62,92,69,70,50,79,40,93,82,84,40
Kevin Kazarian,TEX,1,USA,n,1943,1,12,192,75,40,25,70,80,76,80,50,81,72,84,73,83,40
Liam O'Callaghan,TEX,8,IRL,N,1939,3,7,215,74,64,25,62,98,81,84,50,90,40,89,99,90,40
Logan Jensen,TEX,4,USA,N,1937,4,20,220,72,43,31,62,91,77,78,50,91,65,90,99,90,46
Marcus Nyquist,TEX,1,SWE,N,1936,3,13,170,73,50,50,69,55,40,50,50,45,55,50,60,55,50
McCringle Fuck,TEX,2,CAN,N,1937,4,20,180,73,60,30,62,50,60,60,50,60,40,60,60,50,40
Mikhail Petrikov,TEX,8,RUS,n,1939,2,23,215,71,40,25,62,85,77,75,50,80,40,75,81,85,40
Noah Konn,TEX,4,SWE,N,1942,1,1,198,74,72,25,62,85,82,81,50,81,40,78,91,88,40
Reece Artois,TEX,16,CAN,N,1939,1,23,200,77,53,50,70,70,73,75,70,76,79,55,50,80,50
Thé Dude,TEX,8,USA,N,1938,3,6,192,74,65,25,62,99,80,80,50,90,40,90,99,99,40
Trevor Beaulieu,TEX,1,USA,N,1937,12,3,160,70,45,30,62,60,50,50,50,50,55,50,70,50,50
Vasily Horvat,TEX,4,RUS,N,1931,11,22,197,71,81,25,62,90,80,75,50,90,40,90,80,91,40
Walter Hobbs,TEX,16,CAN,n,1940,1,12,185,75,85,50,89,90,90,98,95,99,99,50,70,80,50
Karno Gronkjaer,TEX,8,NOR,n,1939,8,7,235,79,70,25,62,80,73,72,50,76,40,75,61,90,40
Louie Garrett,TEX,4,USA,N,1935,2,7,210,74,50,25,62,90,90,88,50,99,89,89,99,99,74
Anders Christiansen,TOR,1,NOR,n,1939,3,3,195,73,54,25,62,90,80,85,50,90,80,94,81,94,40
Bob Bergen,TOR,8,UK,n,1939,5,22,220,74,70,25,62,85,80,90,50,91,40,90,95,99,40
Carter Manning,TOR,1,CAN,n,1939,1,26,212,76,40,25,62,90,70,75,50,73,70,80,90,90,40
Chris York,TOR,4,NOR,N,1933,3,24,184,70,60,25,64,90,90,80,50,95,85,90,95,90,40
Mercer Church,TOR,1,CAN,N,1936,1,1,190,74,44,25,62,90,71,80,50,84,75,70,85,75,43
Ben Turska,TOR,8,USA,N,1936,3,8,210,75,60,28,62,80,78,80,50,80,43,80,60,82,40
Jill Jellybeanov,TOR,1,RUS,n,1937,1,1,185,75,40,25,62,63,60,60,50,50,60,65,60,70,40
Kristian Eriksson,TOR,4,SWE,N,1920,11,3,203,74,41,25,62,80,72,70,50,89,40,87,84,85,40
Halfdan Thorstein,TOR,4,NOR,N,1933,8,2,190,71,40,25,62,88,74,85,50,94,40,98,92,88,40
Lyndis Vakarian,TOR,2,NOR,N,1938,2,3,190,72,44,25,62,87,75,90,50,94,40,86,99,91,40
Jordan Von Matt,TOR,8,CAN,n,1942,8,15,195,75,40,25,62,84,70,75,50,80,40,77,84,95,40
Michael McFadden,TOR,16,UK,N,1928,2,17,217,76,75,50,75,87,87,96,93,96,96,76,50,80,50
Mikhail Lokitonov,TOR,4,AUS,n,1939,3,24,170,69,45,25,65,90,90,90,50,99,40,98,94,90,40
Krists Zommers,TOR,2,LAT,N,1940,9,6,200,71,40,25,62,62,40,60,50,70,40,55,70,60,40
Richard Physt,TOR,8,CAN,n,1939,1,1,202,73,80,32,65,83,82,83,50,89,40,87,72,94,40
Steven Moore,TOR,16,USA,N,1941,4,23,206,71,60,50,65,65,65,65,65,65,65,65,65,80,50
Markus Kane,TOR,2,CAN,N,1940,2,12,220,76,50,25,62,65,60,45,50,60,40,60,67,59,40
Zakhar Turakov,TOR,2,rus,y,1943,1,1,190,73,40,25,62,73,60,56,50,70,40,60,70,55,40
Zander Rhys,TOR,8,GER,N,1933,11,8,185,71,70,25,62,90,85,86,50,97,40,90,97,99,40
Finn Krüger,TOR,8,GER,N,1935,5,5,200,74,70,25,66,90,90,86,50,99,40,99,90,99,40
Romualds Loks,TOR,2,LAT,n,1939,1,1,195,75,40,25,62,90,80,80,50,85,40,80,93,85,40
Rex Kirkby,WKP,8,UK,n,1943,1,1,212,74,51,25,62,80,80,70,50,90,40,82,82,90,40
Alex Light,WKP,2,CAN,N,1931,6,16,197,73,55,25,62,94,90,90,50,99,40,90,99,90,40
Beaujeaux Biscuit,WKP,16,IRL,N,1937,1,1,200,74,80,50,85,95,95,99,99,99,95,95,95,80,50
Mark McFleury,WKP,16,CAN,n,1944,1,1,204,74,55,50,60,66,60,72,75,70,75,60,51,80,50
Dani Forsberg,WKP,2,SWE,N,1934,5,6,207,74,40,25,62,99,85,90,50,90,84,99,90,99,40
Dayymo Ralchankinov,WKP,1,RUS,n,1941,4,20,194,75,40,25,62,90,70,70,50,80,65,78,90,90,40
Dionyz Vyskoc,WKP,4,CZE,N,1936,1,1,204,73,40,25,62,90,71,83,50,90,40,99,99,90,40
Gabriel Wong,WKP,4,CAN,N,1938,1,1,205,73,45,25,62,95,80,75,50,90,85,95,86,90,40
Trevor Wilson,WKP,2,CAN,N,1931,4,1,190,72,40,25,62,90,90,90,50,90,40,85,95,98,40
Jon Ross,WKP,8,AUS,N,1930,1,1,195,71,40,25,62,90,80,80,50,90,40,95,80,95,40
Karsten Kadinger,WKP,8,GER,N,1939,11,5,160,68,40,25,62,85,80,80,50,85,40,74,95,92,40
Leafer Rielly,WKP,4,CAN,N,1932,5,8,190,72,40,25,62,95,83,80,50,95,40,99,90,90,40
Ludwig Koch Schroder,WKP,8,GER,N,1931,12,22,215,75,65,25,80,99,90,90,50,90,40,90,99,99,67
Mirio Togata,WKP,2,CAN,N,1939,7,15,160,75,40,25,62,70,56,53,50,65,40,67,72,70,40
Florence Clijsters,WKP,1,LAV,n,1940,1,1,141,64,40,25,62,80,90,80,50,93,80,82,92,82,40
Roman Augustus,WKP,4,IRL,N,1936,10,16,235,78,72,25,62,99,90,90,50,90,90,90,99,99,43
Sven Brokstad,WKP,8,SWE,N,1937,1,1,215,75,60,25,62,90,75,75,50,90,40,90,80,96,40
Ted Glass,WKP,8,GER,N,1936,1,1,200,73,53,25,62,71,70,70,50,65,40,72,40,77,40
Shoyu Kikkoman,WKP,8,CAN,N,1935,1,1,190,72,70,25,62,80,41,84,50,83,40,85,90,87,40
Andrew Hawkins,WPG,2,USA,n,1940,1,1,226,72,40,25,62,69,60,62,50,65,40,71,42,70,40
Artom Zhumbayev,WPG,16,KAZ,N,1935,5,3,223,76,88,50,94,92,94,96,95,99,97,81,50,80,50
Chase Byron,WPG,8,USA,N,1936,9,3,205,75,43,25,62,70,60,64,50,75,40,70,54,80,40
Lil Manius,WPG,4,USA,n,1943,9,9,182,66,67,33,62,85,63,72,50,80,46,80,91,90,46
Corey Bearss,WPG,2,CAN,N,1931,1,1,200,74,50,25,62,90,80,85,50,93,40,96,86,97,40
Crossfit Jesus,WPG,4,CAN,N,1933,11,14,217,73,40,25,62,99,87,86,50,90,43,89,99,99,43
Gary Grease,WPG,8,CAN,n,1939,6,24,226,91,90,25,62,90,93,90,50,90,40,90,75,99,40
Jason Visser,WPG,1,USA,N,1931,7,8,178,70,69,25,62,99,90,90,50,99,90,90,99,90,40
Jensen Trygg,WPG,4,SWE,n,1940,1,1,240,77,60,25,62,60,60,40,50,55,40,64,40,75,40
Karl Hefeweizen,WPG,8,AUS,N,1936,10,31,205,72,50,25,62,90,90,80,50,90,40,90,89,99,40
Ignatius Blunt,WPG,2,SLO,n,1943,1,1,200,71,55,25,62,80,74,80,50,79,40,77,84,78,42
Kyle Kylrad,WPG,2,CAN,N,1932,1,1,195,73,43,25,62,94,80,80,50,94,40,88,92,90,40
Maurizio Arrivabene,WPG,2,LAT,N,1935,7,3,220,73,40,25,62,94,90,83,50,94,43,90,90,90,43
Max Poulin,WPG,8,RUS,n,1939,10,20,205,73,40,25,62,80,80,70,50,85,40,85,60,90,40
Max Weber,WPG,8,GER,N,1932,11,16,220,71,40,25,62,90,88,87,50,96,40,85,96,99,40
Pietra Volkova,WPG,2,RUS,N,1931,12,9,150,68,59,25,62,95,85,85,50,95,40,85,99,90,40
Roberts Klavins,WPG,16,LAT,N,1937,12,2,198,76,50,50,70,63,80,64,77,81,84,54,52,80,50
Troy McClure III,WPG,8,CZE,n,1942,12,20,271,80,75,28,70,78,81,76,50,82,43,82,70,93,43
Spitfire,WPG,8,ATA,N,1935,1,1,210,75,40,25,62,90,86,85,50,90,40,93,84,98,40
Zach Evans,WPG,4,RUS,N,1931,12,26,195,73,40,25,62,94,84,85,50,94,87,90,96,90,40
Ola Wagstrom,WPG,4,SWE,y,1944,1,1,213,75,40,25,62,81,70,70,50,79,40,79,93,79,40
Nicholas Williams,WPG,2,USA,y,1943,1,1,207,74,40,25,62,81,75,71,50,85,69,71,90,90,46
